A_anio,B_tamano,score
2021,Micro,0.407865
2021,Pequena,0.372535
2021,Mediana,0.257865
2021,Grande,0.321367
2022,Micro,0.833998
2022,Pequena,0.798668
2022,Mediana,0.683998
2022,Grande,0.7475
2023,Micro,0.907451
2023,Pequena,0.872121
2023,Mediana,0.757451
2023,Grande,0.820954
2024,Micro,0.7
2024,Pequena,0.66467
2024,Mediana,0.55
2024,Grande,0.613503
